iso3,iso2,iso_numeric,country,who_region,year,population,incidence_per_100k,incidence_per_100k_lo,incidence_per_100k_hi,incident_cases,incident_cases_lo,incident_cases_hi,hiv_positive_incidence_per_100k,hiv_positive_incidence_per_100k_lo,hiv_positive_incidence_per_100k_hi,incidence_status
ANT,AN,530,Netherlands Antilles,AMR,2000,190535,2.6,2.1,3.2,5,4,6,,,,estimated
ANT,AN,530,Netherlands Antilles,AMR,2001,189980,4.7,3.9,5.7,9,7,11,,,,estimated
ANT,AN,530,Netherlands Antilles,AMR,2002,191857,7.8,6.4,9.4,15,12,18,,,,estimated
ANT,AN,530,Netherlands Antilles,AMR,2003,194885,4.6,3.8,5.6,9,7,11,,,,estimated
ANT,AN,530,Netherlands Antilles,AMR,2004,197791,5.6,4.5,6.7,11,9,13,,,,estimated
ANT,AN,530,Netherlands Antilles,AMR,2005,200348,4,3.3,4.9,8,7,10,,,,estimated
ANT,AN,530,Netherlands Antilles,AMR,2006,202620,2.5,2,3,5,4,6,,,,estimated
ANT,AN,530,Netherlands Antilles,AMR,2007,204854,2.7,2.2,3.2,5,4,7,,,,estimated
ANT,AN,530,Netherlands Antilles,AMR,2008,207021,2.4,2,2.9,5,4,6,,,,estimated
ANT,AN,530,Netherlands Antilles,AMR,2009,209131,2.2,1.8,2.7,5,4,6,,,,estimated
AUS,AU,036,Australia,WPR,2000,19132473,6.8,5.5,8.2,1300,1100,1600,0.61,0.23,1.2,estimated
AUS,AU,036,Australia,WPR,2001,19365439,6.3,5.1,7.6,1200,990,1500,0.52,0.19,1,estimated
AUS,AU,036,Australia,WPR,2002,19595360,6.4,5.2,7.7,1300,1000,1500,0.48,0.18,0.92,estimated
AUS,AU,036,Australia,WPR,2003,19819456,5.9,4.8,7.1,1200,960,1400,0.39,0.15,0.76,estimated
AUS,AU,036,Australia,WPR,2004,20046682,6.6,5.4,7.9,1300,1100,1600,0.38,0.14,0.75,estimated
AUS,AU,036,Australia,WPR,2005,20294493,6.3,5.2,7.6,1300,1000,1500,0.31,0.11,0.6,estimated
AUS,AU,036,Australia,WPR,2006,20590557,6.9,5.6,8.3,1400,1200,1700,0.28,0.1,0.55,estimated
AUS,AU,036,Australia,WPR,2007,20954557,6.5,5.3,7.8,1400,1100,1600,0.22,0.08,0.43,estimated
AUS,AU,036,Australia,WPR,2008,21370593,6.9,5.6,8.3,1500,1200,1800,0.22,0.08,0.44,estimated
AUS,AU,036,Australia,WPR,2009,21783011,7.2,5.8,8.6,1600,1300,1900,0.23,0.08,0.44,estimated
AUS,AU,036,Australia,WPR,2010,22141580,6.8,5.6,8.2,1500,1200,1800,0.21,0.08,0.42,estimated
AUS,AU,036,Australia,WPR,2011,22479779,6.6,5.3,7.9,1500,1200,1800,0.2,0.07,0.39,estimated
AUS,AU,036,Australia,WPR,2012,22852647,6.7,5.5,8.1,1500,1300,1900,0.08,0.04,0.13,estimated
AUS,AU,036,Australia,WPR,2013,23236273,6.3,5.1,7.6,1500,1200,1800,0.16,0.1,0.23,estimated
AUS,AU,036,Australia,WPR,2014,23595610,6.5,5.3,7.9,1500,1300,1900,0.1,0.06,0.16,estimated
AUS,AU,036,Australia,WPR,2015,23948003,6,4.9,7.2,1400,1200,1700,0.13,0.08,0.19,estimated
AUS,AU,036,Australia,WPR,2016,24329960,6.5,5.3,7.8,1600,1300,1900,0.12,0.07,0.18,estimated
AUS,AU,036,Australia,WPR,2017,24731028,6.6,5.4,8,1600,1300,2000,0.14,0.08,0.2,estimated
AUS,AU,036,Australia,WPR,2018,25119698,6.5,5.3,7.9,1600,1300,2000,0.12,0.07,0.18,estimated
AUS,AU,036,Australia,WPR,2019,25482711,6.8,5.5,8.1,1700,1400,2100,0.1,0.06,0.15,estimated
AUS,AU,036,Australia,WPR,2020,25743794,7.2,5.8,8.6,1800,1500,2200,0.09,0.05,0.15,estimated
AUS,AU,036,Australia,WPR,2021,25956421,6.5,5.3,7.8,1700,1400,2000,0.07,0.04,0.12,estimated
AUS,AU,036,Australia,WPR,2022,26200982,5.6,4.5,6.7,1500,1200,1800,0.07,0.03,0.11,estimated
AUS,AU,036,Australia,WPR,2023,26451115,6.2,5.1,7.5,1600,1300,2000,0.11,0.07,0.17,estimated
AUS,AU,036,Australia,WPR,2024,26713208,6.9,5.6,8.3,1900,1500,2200,0.08,0.05,0.13,estimated
BRA,BR,076,Brazil,AMR,2000,174018285,49,40,59,85000,69000,102000,4.2,1.3,8.8,estimated
BRA,BR,076,Brazil,AMR,2001,176301200,46,37,55,81000,66000,98000,3.5,1.1,7.2,estimated
BRA,BR,076,Brazil,AMR,2002,178503477,50,40,60,89000,72000,107000,3.4,1.1,7.2,estimated
BRA,BR,076,Brazil,AMR,2003,180622693,51,41,61,91000,74000,110000,3.4,1,7,estimated
BRA,BR,076,Brazil,AMR,2004,182675137,52,42,62,95000,77000,114000,3.5,1.1,7.2,estimated
BRA,BR,076,Brazil,AMR,2005,184688111,48,39,57,88000,71000,106000,3.4,1.1,7.1,estimated
BRA,BR,076,Brazil,AMR,2006,186653109,44,36,53,82000,67000,99000,3.5,1.1,7.2,estimated
BRA,BR,076,Brazil,AMR,2007,188552322,44,35,52,82000,67000,99000,3.7,1.2,7.7,estimated
BRA,BR,076,Brazil,AMR,2008,190367299,44,36,53,84000,68000,101000,3.9,1.2,8.1,estimated
BRA,BR,076,Brazil,AMR,2009,192079956,43,35,52,83000,68000,100000,3.9,1.2,8.1,estimated
BRA,BR,076,Brazil,AMR,2010,193701928,42,34,51,82000,67000,99000,7.3,5.4,9.5,estimated
BRA,BR,076,Brazil,AMR,2011,195284741,42,35,51,83000,68000,100000,7.1,5.3,9.2,estimated
BRA,BR,076,Brazil,AMR,2012,196876113,42,34,51,83000,68000,100000,7,5.2,9.1,estimated
BRA,BR,076,Brazil,AMR,2013,198478300,42,35,51,84000,69000,102000,6.6,4.9,8.6,estimated
BRA,BR,076,Brazil,AMR,2014,200085119,41,34,50,83000,67000,100000,6.4,4.7,8.3,estimated
BRA,BR,076,Brazil,AMR,2015,201675529,41,33,50,83000,68000,100000,5.4,4,7,estimated
BRA,BR,076,Brazil,AMR,2016,203218122,41,34,50,84000,68000,101000,5.1,3.8,6.7,estimated
BRA,BR,076,Brazil,AMR,2017,204703451,43,35,52,88000,72000,106000,5.2,3.8,6.7,estimated
BRA,BR,076,Brazil,AMR,2018,206107261,45,37,54,93000,75000,112000,5.1,3.8,6.6,estimated
BRA,BR,076,Brazil,AMR,2019,207455451,45,37,55,94000,76000,113000,4.9,3.7,6.4,estimated
BRA,BR,076,Brazil,AMR,2020,208660841,45,37,54,93000,76000,112000,4.9,3.6,6.4,estimated
BRA,BR,076,Brazil,AMR,2021,209550290,47,38,56,98000,80000,118000,5.6,4,7.2,estimated
BRA,BR,076,Brazil,AMR,2022,210306413,49,40,60,103000,83000,126000,6,4.3,7.6,estimated
BRA,BR,076,Brazil,AMR,2023,211140731,49,40,61,103000,84000,128000,6,4.3,7.6,estimated
BRA,BR,076,Brazil,AMR,2024,211998579,49,40,61,104000,84000,129000,6.1,4.4,7.8,estimated
GBR,GB,826,United Kingdom of Great Britain and Northern Ireland,EUR,2000,59057338,12,11,13,7000,6500,7500,1.3,0.54,2.5,estimated
GBR,GB,826,United Kingdom of Great Britain and Northern Ireland,EUR,2001,59288089,11,11,12,6800,6300,7300,1.2,0.49,2.2,estimated
GBR,GB,826,United Kingdom of Great Britain and Northern Ireland,EUR,2002,59540769,13,12,14,7800,7200,8300,1.3,0.51,2.4,estimated
GBR,GB,826,United Kingdom of Great Britain and Northern Ireland,EUR,2003,59820380,13,12,14,8000,7400,8600,1.2,0.47,2.2,estimated
GBR,GB,826,United Kingdom of Great Britain and Northern Ireland,EUR,2004,60169974,13,12,14,7900,7300,8500,1,0.41,1.9,estimated
GBR,GB,826,United Kingdom of Great Britain and Northern Ireland,EUR,2005,60596107,15,14,16,9200,8500,9900,1,0.4,1.9,estimated
GBR,GB,826,United Kingdom of Great Britain and Northern Ireland,EUR,2006,61051090,15,14,16,9300,8600,10000,0.86,0.33,1.6,estimated
GBR,GB,826,United Kingdom of Great Britain and Northern Ireland,EUR,2007,61535854,15,14,16,9000,8300,9700,0.69,0.26,1.3,estimated
GBR,GB,826,United Kingdom of Great Britain and Northern Ireland,EUR,2008,62027311,15,14,16,9300,8600,10000,0.67,0.26,1.3,estimated
GBR,GB,826,United Kingdom of Great Britain and Northern Ireland,EUR,2009,62506230,15,14,16,9100,8400,9800,0.64,0.24,1.2,estimated
GBR,GB,826,United Kingdom of Great Britain and Northern Ireland,EUR,2010,63006483,14,13,15,8800,8200,9500,0.61,0.23,1.2,estimated
GBR,GB,826,United Kingdom of Great Britain and Northern Ireland,EUR,2011,63509291,15,14,16,9500,8800,10000,0.62,0.24,1.2,estimated
GBR,GB,826,United Kingdom of Great Britain and Northern Ireland,EUR,2012,63960487,15,13,16,9300,8600,10000,0.58,0.22,1.1,estimated
GBR,GB,826,United Kingdom of Great Britain and Northern Ireland,EUR,2013,64389390,13,12,14,8300,7700,8900,0.49,0.39,0.6,estimated
GBR,GB,826,United Kingdom of Great Britain and Northern Ireland,EUR,2014,64865918,11,11,12,7400,6900,8000,0.39,0.15,0.75,estimated
GBR,GB,826,United Kingdom of Great Britain and Northern Ireland,EUR,2015,65382102,10,9.3,11,6600,6100,7100,0.33,0.13,0.64,estimated
GBR,GB,826,United Kingdom of Great Britain and Northern Ireland,EUR,2016,65893353,9.9,9.2,11,6500,6000,7000,0.33,0.13,0.65,estimated
GBR,GB,826,United Kingdom of Great Britain and Northern Ireland,EUR,2017,66354469,8.9,8.2,9.6,5900,5500,6400,0.26,0.21,0.32,estimated
GBR,GB,826,United Kingdom of Great Britain and Northern Ireland,EUR,2018,66752470,8,7.5,8.7,5400,5000,5800,0.23,0.18,0.28,estimated
GBR,GB,826,United Kingdom of Great Britain and Northern Ireland,EUR,2019,67110962,8.1,7.5,8.7,5400,5000,5800,0.28,0.1,0.54,estimated
GBR,GB,826,United Kingdom of Great Britain and Northern Ireland,EUR,2020,67351866,7,6.5,7.5,4700,4400,5100,0.24,0.09,0.47,estimated
GBR,GB,826,United Kingdom of Great Britain and Northern Ireland,EUR,2021,67668797,7.9,7.3,8.5,5400,5000,5800,0.27,0.1,0.53,estimated
GBR,GB,826,United Kingdom of Great Britain and Northern Ireland,EUR,2022,68179313,7.8,7.2,8.4,5300,4900,5700,0.27,0.1,0.52,estimated
GBR,GB,826,United Kingdom of Great Britain and Northern Ireland,EUR,2023,68682959,8.6,8,9.3,5900,5500,6400,0.3,0.11,0.57,estimated
GBR,GB,826,United Kingdom of Great Britain and Northern Ireland,EUR,2024,69138194,9.7,9,10,6700,6200,7200,0.16,0.12,0.19,estimated
IDN,ID,360,Indonesia,WPR,2000,216077793,370,331,411,799000,716000,887000,1.7,0.74,3.1,estimated
IDN,ID,360,Indonesia,WPR,2001,219097894,369,331,409,808000,724000,897000,2.2,0.92,3.9,estimated
IDN,ID,360,Indonesia,WPR,2002,222088489,367,329,408,816000,732000,905000,2.8,1.2,5,estimated
IDN,ID,360,Indonesia,WPR,2003,225048011,366,328,405,823000,738000,912000,3.6,1.6,6.5,estimated
IDN,ID,360,Indonesia,WPR,2004,227926643,363,326,402,828000,743000,917000,4.5,2,8.2,estimated
IDN,ID,360,Indonesia,WPR,2005,230871650,360,324,399,832000,747000,921000,5.7,2.5,10,estimated
IDN,ID,360,Indonesia,WPR,2006,233951648,357,321,395,835000,751000,924000,6.8,3,12,estimated
IDN,ID,360,Indonesia,WPR,2007,237062338,353,318,390,837000,754000,925000,7.8,3.4,14,estimated
IDN,ID,360,Indonesia,WPR,2008,240157904,349,315,385,839000,756000,926000,8.6,3.8,15,estimated
IDN,ID,360,Indonesia,WPR,2009,243220031,345,312,381,840000,758000,926000,9.3,4.1,17,estimated
IDN,ID,360,Indonesia,WPR,2010,246305322,342,309,376,842000,760000,927000,9.8,4.3,18,estimated
IDN,ID,360,Indonesia,WPR,2011,249470034,338,306,372,844000,763000,929000,10,4.5,18,estimated
IDN,ID,360,Indonesia,WPR,2012,252698523,335,303,368,847000,767000,931000,11,4.7,19,estimated
IDN,ID,360,Indonesia,WPR,2013,255852473,332,301,365,850000,770000,933000,10,4.6,19,estimated
IDN,ID,360,Indonesia,WPR,2014,258877417,329,298,361,851000,772000,934000,9.8,4.3,18,estimated
IDN,ID,360,Indonesia,WPR,2015,261799252,325,295,357,852000,774000,934000,9.2,4,16,estimated
IDN,ID,360,Indonesia,WPR,2016,264627410,322,293,353,852000,775000,934000,8.6,3.8,15,estimated
IDN,ID,360,Indonesia,WPR,2017,267346647,319,290,349,852000,775000,933000,7.7,3.4,14,estimated
IDN,ID,360,Indonesia,WPR,2018,269951843,316,287,345,852000,776000,931000,7.6,3.3,14,estimated
IDN,ID,360,Indonesia,WPR,2019,272489386,312,285,341,851000,776000,929000,7.1,3.1,13,estimated
IDN,ID,360,Indonesia,WPR,2020,274814856,306,276,336,840000,759000,924000,7,3,12,estimated
IDN,ID,360,Indonesia,WPR,2021,276758054,330,291,371,915000,804000,1030000,7.5,3.3,14,estimated
IDN,ID,360,Indonesia,WPR,2022,278830522,375,317,433,1050000,884000,1210000,8.6,3.7,15,estimated
IDN,ID,360,Indonesia,WPR,2023,281190070,388,325,445,1090000,914000,1250000,8.8,3.8,16,estimated
IDN,ID,360,Indonesia,WPR,2024,283487922,382,319,433,1080000,905000,1230000,12,8.9,15,estimated
PHL,PH,608,Philippines,WPR,2000,79625394,590,307,964,470000,244000,767000,4.6,2,8.4,estimated
PHL,PH,608,Philippines,WPR,2001,81401486,579,305,939,472000,248000,765000,4.5,2,8.1,estimated
PHL,PH,608,Philippines,WPR,2002,83068884,569,304,916,473000,252000,761000,4.5,2,7.9,estimated
PHL,PH,608,Philippines,WPR,2003,84731842,559,302,893,474000,256000,756000,4.4,2,7.7,estimated
PHL,PH,608,Philippines,WPR,2004,86394509,549,301,870,474000,260000,752000,4.3,1.9,7.5,estimated
PHL,PH,608,Philippines,WPR,2005,88015968,539,299,849,475000,263000,747000,4.2,1.9,7.4,estimated
PHL,PH,608,Philippines,WPR,2006,89508990,530,297,828,474000,266000,741000,4.1,1.9,7.2,estimated
PHL,PH,608,Philippines,WPR,2007,91075177,520,292,813,474000,266000,741000,4,1.9,7,estimated
PHL,PH,608,Philippines,WPR,2008,92699097,524,294,819,486000,273000,759000,4.1,1.9,7.1,estimated
PHL,PH,608,Philippines,WPR,2009,94384248,528,296,825,498000,280000,778000,4.1,1.9,7.1,estimated
PHL,PH,608,Philippines,WPR,2010,96337130,531,298,830,512000,287000,800000,4.1,1.9,7.2,estimated
PHL,PH,608,Philippines,WPR,2011,98248614,535,300,836,526000,295000,822000,4.1,1.9,7.2,estimated
PHL,PH,608,Philippines,WPR,2012,100175508,539,302,842,540000,303000,844000,4.2,1.9,7.2,estimated
PHL,PH,608,Philippines,WPR,2013,102076337,543,305,848,554000,311000,866000,4.2,1.9,7.3,estimated
PHL,PH,608,Philippines,WPR,2014,103767132,546,307,854,567000,318000,886000,4.2,1.9,7.3,estimated
PHL,PH,608,Philippines,WPR,2015,105312995,550,309,860,580000,325000,906000,4.2,1.9,7.4,estimated
PHL,PH,608,Philippines,WPR,2016,106735708,554,311,866,591000,332000,924000,4.2,2,7.4,estimated
PHL,PH,608,Philippines,WPR,2017,108119692,554,311,866,599000,336000,936000,4.2,2,7.4,estimated
PHL,PH,608,Philippines,WPR,2018,109465291,554,311,866,607000,340000,948000,4.2,2,7.4,estimated
PHL,PH,608,Philippines,WPR,2019,110804683,554,311,866,614000,345000,959000,4.2,2,7.4,estimated
PHL,PH,608,Philippines,WPR,2020,112081263,544,304,863,610000,341000,967000,4.1,1.9,7.3,estimated
PHL,PH,608,Philippines,WPR,2021,113100949,579,325,934,655000,368000,1060000,4.4,2,7.8,estimated
PHL,PH,608,Philippines,WPR,2022,113964347,627,346,1010,714000,395000,1150000,4.9,2.2,8.7,estimated
PHL,PH,608,Philippines,WPR,2023,114891201,632,348,1020,726000,400000,1180000,4.6,2,8.1,estimated
PHL,PH,608,Philippines,WPR,2024,115843666,625,344,1020,724000,399000,1180000,4.7,2.1,8.4,estimated
PRK,KP,408,Democratic People's Republic of Korea,SEA,2000,23665911,,,,,,,,,,not_estimated
PRK,KP,408,Democratic People's Republic of Korea,SEA,2001,23815359,,,,,,,,,,not_estimated
PRK,KP,408,Democratic People's Republic of Korea,SEA,2002,23943979,,,,,,,,,,not_estimated
PRK,KP,408,Democratic People's Republic of Korea,SEA,2003,24090380,,,,,,,,,,not_estimated
PRK,KP,408,Democratic People's Republic of Korea,SEA,2004,24254941,,,,,,,,,,not_estimated
PRK,KP,408,Democratic People's Republic of Korea,SEA,2005,24396437,,,,,,,,,,not_estimated
PRK,KP,408,Democratic People's Republic of Korea,SEA,2006,24524508,,,,,,,,,,not_estimated
PRK,KP,408,Democratic People's Republic of Korea,SEA,2007,24646381,,,,,,,,,,not_estimated
PRK,KP,408,Democratic People's Republic of Korea,SEA,2008,24764617,,,,,,,,,,not_estimated
PRK,KP,408,Democratic People's Republic of Korea,SEA,2009,24878341,,,,,,,,,,not_estimated
PRK,KP,408,Democratic People's Republic of Korea,SEA,2010,24987263,,,,,,,,,,not_estimated
PRK,KP,408,Democratic People's Republic of Korea,SEA,2011,25097872,,,,,,,,,,not_estimated
PRK,KP,408,Democratic People's Republic of Korea,SEA,2012,25211724,,,,,,,,,,not_estimated
PRK,KP,408,Democratic People's Republic of Korea,SEA,2013,25329449,,,,,,,,,,not_estimated
PRK,KP,408,Democratic People's Republic of Korea,SEA,2014,25451253,,,,,,,,,,not_estimated
PRK,KP,408,Democratic People's Republic of Korea,SEA,2015,25575344,,,,,,,,,,not_estimated
PRK,KP,408,Democratic People's Republic of Korea,SEA,2016,25698317,,,,,,,,,,not_estimated
PRK,KP,408,Democratic People's Republic of Korea,SEA,2017,25817704,,,,,,,,,,not_estimated
PRK,KP,408,Democratic People's Republic of Korea,SEA,2018,25931152,,,,,,,,,,not_estimated
PRK,KP,408,Democratic People's Republic of Korea,SEA,2019,26037635,,,,,,,,,,not_estimated
PRK,KP,408,Democratic People's Republic of Korea,SEA,2020,26136300,,,,,,,,,,not_estimated
PRK,KP,408,Democratic People's Republic of Korea,SEA,2021,26232533,,,,,,,,,,not_estimated
PRK,KP,408,Democratic People's Republic of Korea,SEA,2022,26328845,,,,,,,,,,not_estimated
PRK,KP,408,Democratic People's Republic of Korea,SEA,2023,26418201,,,,,,,,,,not_estimated
PRK,KP,408,Democratic People's Republic of Korea,SEA,2024,26498828,,,,,,,,,,not_estimated
ZAF,ZA,710,South Africa,AFR,2000,47159718,762,416,1210,360000,196000,571000,573,294,943,estimated
ZAF,ZA,710,South Africa,AFR,2001,47566798,867,429,1460,413000,204000,692000,632,292,1100,estimated
ZAF,ZA,710,South Africa,AFR,2002,48019414,971,434,1720,466000,208000,825000,695,288,1270,estimated
ZAF,ZA,710,South Africa,AFR,2003,48500344,1070,433,1980,518000,210000,961000,756,284,1450,estimated
ZAF,ZA,710,South Africa,AFR,2004,48991415,1150,427,2220,564000,209000,1090000,812,279,1620,estimated
ZAF,ZA,710,South Africa,AFR,2005,49490035,1210,420,2410,601000,208000,1190000,865,279,1770,estimated
ZAF,ZA,710,South Africa,AFR,2006,49998274,1250,415,2540,627000,207000,1270000,903,280,1880,estimated
ZAF,ZA,710,South Africa,AFR,2007,50528578,1270,412,2600,643000,208000,1310000,923,280,1940,estimated
ZAF,ZA,710,South Africa,AFR,2008,51114604,1270,592,2200,651000,303000,1130000,911,393,1640,estimated
ZAF,ZA,710,South Africa,AFR,2009,51728518,1260,634,2090,651000,328000,1080000,877,404,1530,estimated
ZAF,ZA,710,South Africa,AFR,2010,52344050,1230,622,2050,646000,326000,1070000,832,378,1460,estimated
ZAF,ZA,710,South Africa,AFR,2011,52995199,1200,667,1890,636000,354000,1000000,786,415,1270,estimated
ZAF,ZA,710,South Africa,AFR,2012,53782563,1160,552,1990,625000,297000,1070000,743,337,1310,estimated
ZAF,ZA,710,South Africa,AFR,2013,54678793,1110,548,1850,604000,299000,1010000,681,322,1170,estimated
ZAF,ZA,710,South Africa,AFR,2014,55594839,1070,544,1760,594000,303000,980000,650,316,1100,estimated
ZAF,ZA,710,South Africa,AFR,2015,56723532,988,534,1580,561000,303000,895000,560,288,921,estimated
ZAF,ZA,710,South Africa,AFR,2016,57259553,805,494,1190,461000,283000,681000,478,277,731,estimated
ZAF,ZA,710,South Africa,AFR,2017,57635157,738,474,1060,426000,273000,611000,447,270,666,estimated
ZAF,ZA,710,South Africa,AFR,2018,58613004,677,453,946,397000,266000,554000,398,250,580,estimated
ZAF,ZA,710,South Africa,AFR,2019,59587889,615,427,835,366000,255000,498000,357,232,509,estimated
ZAF,ZA,710,South Africa,AFR,2020,60562386,562,396,757,340000,240000,458000,324,213,457,estimated
ZAF,ZA,710,South Africa,AFR,2021,61502602,513,348,709,315000,214000,436000,292,186,422,estimated
ZAF,ZA,710,South Africa,AFR,2022,62378415,468,304,665,292000,190000,415000,255,156,377,estimated
ZAF,ZA,710,South Africa,AFR,2023,63212382,427,265,626,270000,168000,395000,230,135,349,estimated
ZAF,ZA,710,South Africa,AFR,2024,64007188,389,242,571,249000,155000,365000,209,123,319,estimated
