scenario_id,screeningStrategy,sensitivity,tbCasesPrevented,dalysAverted,qalysGained,costPerDALYAverted,costPerQALYGained,nmbDALY_45000,nmbDALY_75000,nmbQALY_45000,nmbQALY_75000,notes
apy_paper_random_igra_3hp,random,no_ltbi_treatment_utility_decrement,0.0,0.0,0.0,,,-3900.9216,-3900.9216,-3900.9216,-3900.9216,Sensitivity assumption; not a final policy setting.
apy_paper_random_igra_3hp,random,ltbi_treatment_decrement_0_0133,0.0,0.0,-0.009975,,-391069.8345864662,-3900.9216,-3900.9216,-4349.7966,-4649.0466,Sensitivity assumption; not a final policy setting.
apy_paper_random_igra_3hp,random,yld_only_no_yll,0.0,0.0,0.0,,,-3900.9216,-3900.9216,-3900.9216,-3900.9216,Sensitivity assumption; not a final policy setting.
apy_paper_random_igra_3hp,random,conservative_yll_10,0.0,0.0,0.0,,,-3900.9216,-3900.9216,-3900.9216,-3900.9216,Sensitivity assumption; not a final policy setting.
apy_paper_random_igra_3hp,random,higher_yll_30,0.0,0.0,0.0,,,-3900.9216,-3900.9216,-3900.9216,-3900.9216,Sensitivity assumption; not a final policy setting.
apy_paper_random_igra_3hp,random,lower_tb_case_fatality,0.0,0.0,0.0,,,-3900.9216,-3900.9216,-3900.9216,-3900.9216,Sensitivity assumption; not a final policy setting.
apy_paper_random_igra_3hp,random,higher_tb_case_fatality,0.0,0.0,0.0,,,-3900.9216,-3900.9216,-3900.9216,-3900.9216,Sensitivity assumption; not a final policy setting.
apy_paper_ltbi_igra_3hp,ltbi,no_ltbi_treatment_utility_decrement,1.0,1.6465,0.027549999999999963,-9017.712723959914,-538935.1724137937,88940.164,138335.164,16087.413999999997,16913.913999999997,Sensitivity assumption; not a final policy setting.
apy_paper_ltbi_igra_3hp,ltbi,ltbi_treatment_decrement_0_0133,1.0,1.6465,0.010924999999999963,-9017.712723959914,-1359053.913043483,88940.164,138335.164,15339.288999999997,15667.038999999995,Sensitivity assumption; not a final policy setting.
apy_paper_ltbi_igra_3hp,ltbi,yld_only_no_yll,1.0,0.1665,0.027549999999999963,-89175.15915915914,-538935.1724137937,22340.163999999997,27335.163999999997,16087.413999999997,16913.913999999997,Sensitivity assumption; not a final policy setting.
apy_paper_ltbi_igra_3hp,ltbi,conservative_yll_10,1.0,0.9065,0.027549999999999963,-16379.110865968009,-538935.1724137937,55640.164,82835.164,16087.413999999997,16913.913999999997,Sensitivity assumption; not a final policy setting.
apy_paper_ltbi_igra_3hp,ltbi,higher_yll_30,1.0,2.3865,0.027549999999999963,-6221.52273203436,-538935.1724137937,122240.164,193835.164,16087.413999999997,16913.913999999997,Sensitivity assumption; not a final policy setting.
apy_paper_ltbi_igra_3hp,ltbi,lower_tb_case_fatality,1.0,0.9065,0.027549999999999963,-16379.110865968009,-538935.1724137937,55640.164,82835.164,16087.413999999997,16913.913999999997,Sensitivity assumption; not a final policy setting.
apy_paper_ltbi_igra_3hp,ltbi,higher_tb_case_fatality,1.0,2.3865000000000003,0.027549999999999963,-6221.522732034358,-538935.1724137937,122240.16400000002,193835.16400000002,16087.413999999997,16913.913999999997,Sensitivity assumption; not a final policy setting.
apy_paper_cure_igra_3hp,cure,no_ltbi_treatment_utility_decrement,1.0,1.6465,0.027549999999999963,-9017.712723959914,-538935.1724137937,88940.164,138335.164,16087.413999999997,16913.913999999997,Sensitivity assumption; not a final policy setting.
apy_paper_cure_igra_3hp,cure,ltbi_treatment_decrement_0_0133,1.0,1.6465,0.010924999999999963,-9017.712723959914,-1359053.913043483,88940.164,138335.164,15339.288999999997,15667.038999999995,Sensitivity assumption; not a final policy setting.
apy_paper_cure_igra_3hp,cure,yld_only_no_yll,1.0,0.1665,0.027549999999999963,-89175.15915915914,-538935.1724137937,22340.163999999997,27335.163999999997,16087.413999999997,16913.913999999997,Sensitivity assumption; not a final policy setting.
apy_paper_cure_igra_3hp,cure,conservative_yll_10,1.0,0.9065,0.027549999999999963,-16379.110865968009,-538935.1724137937,55640.164,82835.164,16087.413999999997,16913.913999999997,Sensitivity assumption; not a final policy setting.
apy_paper_cure_igra_3hp,cure,higher_yll_30,1.0,2.3865,0.027549999999999963,-6221.52273203436,-538935.1724137937,122240.164,193835.164,16087.413999999997,16913.913999999997,Sensitivity assumption; not a final policy setting.
apy_paper_cure_igra_3hp,cure,lower_tb_case_fatality,1.0,0.9065,0.027549999999999963,-16379.110865968009,-538935.1724137937,55640.164,82835.164,16087.413999999997,16913.913999999997,Sensitivity assumption; not a final policy setting.
apy_paper_cure_igra_3hp,cure,higher_tb_case_fatality,1.0,2.3865000000000003,0.027549999999999963,-6221.522732034358,-538935.1724137937,122240.16400000002,193835.16400000002,16087.413999999997,16913.913999999997,Sensitivity assumption; not a final policy setting.
apy_paper_prevent_igra_3hp,prevent,no_ltbi_treatment_utility_decrement,1.0,1.6465,0.027549999999999963,-9118.233343455815,-544942.6932849372,89105.6712,138500.6712,16252.921199999997,17079.421199999997,Sensitivity assumption; not a final policy setting.
apy_paper_prevent_igra_3hp,prevent,ltbi_treatment_decrement_0_0133,1.0,1.6465,0.014249999999999964,-9118.233343455815,-1053555.873684213,89105.6712,138500.6712,15654.421199999997,16081.921199999997,Sensitivity assumption; not a final policy setting.
apy_paper_prevent_igra_3hp,prevent,yld_only_no_yll,1.0,0.1665,0.027549999999999963,-90169.19639639638,-544942.6932849372,22505.671199999997,27500.671199999997,16252.921199999997,17079.421199999997,Sensitivity assumption; not a final policy setting.
apy_paper_prevent_igra_3hp,prevent,conservative_yll_10,1.0,0.9065,0.027549999999999963,-16561.68913403199,-544942.6932849372,55805.6712,83000.6712,16252.921199999997,17079.421199999997,Sensitivity assumption; not a final policy setting.
apy_paper_prevent_igra_3hp,prevent,higher_yll_30,1.0,2.3865,0.027549999999999963,-6290.874167190446,-544942.6932849372,122405.6712,194000.6712,16252.921199999997,17079.421199999997,Sensitivity assumption; not a final policy setting.
apy_paper_prevent_igra_3hp,prevent,lower_tb_case_fatality,1.0,0.9065,0.027549999999999963,-16561.68913403199,-544942.6932849372,55805.6712,83000.6712,16252.921199999997,17079.421199999997,Sensitivity assumption; not a final policy setting.
apy_paper_prevent_igra_3hp,prevent,higher_tb_case_fatality,1.0,2.3865000000000003,0.027549999999999963,-6290.874167190445,-544942.6932849372,122405.67120000001,194000.67120000004,16252.921199999997,17079.421199999997,Sensitivity assumption; not a final policy setting.
